"BROKEN","EPIC","FAILED","FEATURE","PASSED","SKIPPED","STORY","UNKNOWN"
"0","","0","User API Testing","1","0","CRUD user flow","0"
"0","","0","Tag API Test","1","0","Get posts by tag","0"
"0","","0","Dashboard Login","1","0","Login with wrong password","0"
"0","","0","Dashboard Login","1","0","Login with password empty and valid email","0"
"0","","0","Dashboard Login","1","0","Delete post content","0"
"0","","0","Dashboard Login","1","0","Login with valid email format but unregistered user","0"
"0","","0","Dashboard Login","1","0","Login with empty email and password","0"
"0","","0","Dashboard Login","1","0","Login dashboard with valid credentials","0"
"0","","0","User API Testing","1","0","Create user with invalid email","0"
"0","","0","Tag API Test","1","0","Get tag list","0"
"0","","0","Dashboard Login","1","0","Login with email without at symbol","0"
"0","","0","Dashboard Login","1","0","create post content","0"
